{
    "avg_price_per_mile": 9.91495001562227,
    "payment_types": {
        "Credit card": 4136724,
        "Cash": 1028683,
        "No charge": 14749,
        "Dispute": 5750,
        "Unknown": 1
    },
    "custom_indicator": 2.1802361727911834
}